{"cameraMode":{"drawMode":0,"name":"Shaded","section":"Shading Mode"},"sceneLighting":true,"audioPlay":false,"sceneViewState":{"showFog":true,"showMaterialUpdate":false,"showSkybox":true,"showFlares":true,"showImageEffects":true,"showParticleSystems":true},"in2DMode":false,"pivot":{"x":262.8697814941406,"y":15.97833251953125,"z":464.5068359375},"rotation":{"x":0.18314144015312196,"y":-0.1118038222193718,"z":0.020968500524759294,"w":0.9764832258224487},"size":2.13663387298584,"orthographic":false}