{"cameraMode":{"drawMode":0,"name":"Shaded","section":"Shading Mode"},"sceneLighting":false,"audioPlay":false,"sceneViewState":{"showFog":true,"showMaterialUpdate":false,"showSkybox":true,"showFlares":true,"showImageEffects":true,"showParticleSystems":true},"in2DMode":false,"pivot":{"x":1.690000057220459,"y":1.3689825534820557,"z":7.450580596923828e-9},"rotation":{"x":-0.03170274943113327,"y":-0.3937842845916748,"z":-0.01359096635133028,"w":0.918555498123169},"size":4.675562381744385,"orthographic":false}