{"cameraMode":{"drawMode":0,"name":"Shaded","section":"Shading Mode"},"sceneLighting":false,"audioPlay":false,"sceneViewState":{"showFog":true,"showMaterialUpdate":false,"showSkybox":true,"showFlares":true,"showImageEffects":true,"showParticleSystems":true},"in2DMode":false,"pivot":{"x":255.03997802734376,"y":4.276484489440918,"z":434.20001220703127},"rotation":{"x":0.06428641825914383,"y":-0.8650088310241699,"z":0.11484900116920471,"w":0.484186589717865},"size":94.88851165771485,"orthographic":false}