{"cameraMode":{"drawMode":0,"name":"Shaded","section":"Shading Mode"},"sceneLighting":false,"audioPlay":false,"sceneViewState":{"showFog":true,"showMaterialUpdate":false,"showSkybox":true,"showFlares":true,"showImageEffects":true,"showParticleSystems":true},"in2DMode":false,"pivot":{"x":0.8600000143051148,"y":0.4488371014595032,"z":2.130000114440918},"rotation":{"x":-0.03170274943113327,"y":-0.3937842845916748,"z":-0.01359096635133028,"w":0.918555498123169},"size":2.05393648147583,"orthographic":false}