{"cameraMode":{"drawMode":0,"name":"Shaded","section":"Shading Mode"},"sceneLighting":false,"audioPlay":false,"sceneViewState":{"showFog":true,"showMaterialUpdate":false,"showSkybox":true,"showFlares":true,"showImageEffects":true,"showParticleSystems":true},"in2DMode":false,"pivot":{"x":255.03997802734376,"y":4.276484489440918,"z":465.8839416503906},"rotation":{"x":0.09364762902259827,"y":-0.6981921792030335,"z":0.09292027354240418,"w":0.7036502957344055},"size":94.88851165771485,"orthographic":false}