{"cameraMode":{"drawMode":0,"name":"Shaded","section":"Shading Mode"},"sceneLighting":false,"audioPlay":false,"sceneViewState":{"showFog":true,"showMaterialUpdate":false,"showSkybox":true,"showFlares":true,"showImageEffects":true,"showParticleSystems":true},"in2DMode":false,"pivot":{"x":0.0018178224563598633,"y":0.2834095060825348,"z":0.0005217790603637695},"rotation":{"x":-0.1388958990573883,"y":0.47397932410240176,"z":-0.07600461691617966,"w":-0.8661841154098511},"size":3.454068183898926,"orthographic":false}