{"cameraMode":{"drawMode":0,"name":"Shaded","section":"Shading Mode"},"sceneLighting":false,"audioPlay":false,"sceneViewState":{"showFog":true,"showMaterialUpdate":false,"showSkybox":true,"showFlares":true,"showImageEffects":true,"showParticleSystems":true},"in2DMode":false,"pivot":{"x":255.03997802734376,"y":7.199955940246582,"z":545.8839721679688},"rotation":{"x":0.2265702188014984,"y":0.5743346810340881,"z":-0.16939611732959748,"w":0.7681865692138672},"size":54.1837272644043,"orthographic":false}