{"cameraMode":{"drawMode":0,"name":"Shaded","section":"Shading Mode"},"sceneLighting":false,"audioPlay":false,"sceneViewState":{"showFog":true,"showMaterialUpdate":false,"showSkybox":true,"showFlares":true,"showImageEffects":true,"showParticleSystems":true},"in2DMode":false,"pivot":{"x":256.05010986328127,"y":25.06987953186035,"z":545.6920166015625},"rotation":{"x":0.013242993503808976,"y":-0.97102952003479,"z":0.05540882796049118,"w":0.2320694923400879},"size":23.006938934326173,"orthographic":false}