{"cameraMode":{"drawMode":0,"name":"Shaded","section":"Shading Mode"},"sceneLighting":false,"audioPlay":false,"sceneViewState":{"showFog":true,"showMaterialUpdate":false,"showSkybox":true,"showFlares":true,"showImageEffects":true,"showParticleSystems":true},"in2DMode":false,"pivot":{"x":255.03997802734376,"y":4.276484489440918,"z":434.20001220703127},"rotation":{"x":0.07655150443315506,"y":-0.3775068521499634,"z":0.03133241832256317,"w":0.9223051071166992},"size":94.88851165771485,"orthographic":false}