{"cameraMode":{"drawMode":0,"name":"Shaded","section":"Shading Mode"},"sceneLighting":true,"audioPlay":false,"sceneViewState":{"showFog":true,"showMaterialUpdate":false,"showSkybox":true,"showFlares":true,"showImageEffects":true,"showParticleSystems":true},"in2DMode":false,"pivot":{"x":255.03997802734376,"y":10.989602088928223,"z":434.20001220703127},"rotation":{"x":0.0518791489303112,"y":0.7058305144309998,"z":-0.0519724041223526,"w":0.7045642733573914},"size":94.88851165771485,"orthographic":false}