{"cameraMode":{"drawMode":0,"name":"Shaded","section":"Shading Mode"},"sceneLighting":false,"audioPlay":false,"sceneViewState":{"showFog":true,"showMaterialUpdate":false,"showSkybox":true,"showFlares":true,"showImageEffects":true,"showParticleSystems":true},"in2DMode":false,"pivot":{"x":255.03997802734376,"y":4.276484489440918,"z":434.20001220703127},"rotation":{"x":-0.14621111750602723,"y":0.08684803545475006,"z":-0.012886278331279755,"w":-0.9853495359420776},"size":94.88851165771485,"orthographic":false}