{"cameraMode":{"drawMode":0,"name":"Shaded","section":"Shading Mode"},"sceneLighting":false,"audioPlay":false,"sceneViewState":{"showFog":true,"showMaterialUpdate":false,"showSkybox":true,"showFlares":true,"showImageEffects":true,"showParticleSystems":true},"in2DMode":false,"pivot":{"x":256.05010986328127,"y":25.06987953186035,"z":625.300048828125},"rotation":{"x":0.1017746701836586,"y":-0.7665507793426514,"z":0.1255227029323578,"w":0.6215190887451172},"size":139.27877807617188,"orthographic":false}