{"cameraMode":{"drawMode":0,"name":"Shaded","section":"Shading Mode"},"sceneLighting":false,"audioPlay":false,"sceneViewState":{"showFog":true,"showMaterialUpdate":false,"showSkybox":true,"showFlares":true,"showImageEffects":true,"showParticleSystems":true},"in2DMode":false,"pivot":{"x":255.03997802734376,"y":4.276484489440918,"z":505.8839416503906},"rotation":{"x":0.11279613524675369,"y":-0.7125504612922669,"z":0.11777786165475846,"w":0.6824055910110474},"size":94.88851165771485,"orthographic":false}