{"cameraMode":{"drawMode":0,"name":"Shaded","section":"Shading Mode"},"sceneLighting":true,"audioPlay":false,"sceneViewState":{"showFog":true,"showMaterialUpdate":false,"showSkybox":true,"showFlares":true,"showImageEffects":true,"showParticleSystems":true},"in2DMode":false,"pivot":{"x":-0.0761098861694336,"y":-66.22274780273438,"z":155.7054901123047},"rotation":{"x":-0.18523308634757996,"y":-0.0023608123883605005,"z":0.00044512556632980704,"w":-0.9826917052268982},"size":183.3026885986328,"orthographic":false}