{"cameraMode":{"drawMode":0,"name":"Shaded","section":"Shading Mode"},"sceneLighting":false,"audioPlay":false,"sceneViewState":{"showFog":true,"showMaterialUpdate":false,"showSkybox":true,"showFlares":true,"showImageEffects":true,"showParticleSystems":true},"in2DMode":false,"pivot":{"x":255.04000854492188,"y":10.989602088928223,"z":434.20001220703127},"rotation":{"x":0.16441227495670319,"y":-0.041422806680202487,"z":0.0068986620754003529,"w":0.9854974150657654},"size":44.58738327026367,"orthographic":false}