{"cameraMode":{"drawMode":0,"name":"Shaded","section":"Shading Mode"},"sceneLighting":false,"audioPlay":false,"sceneViewState":{"showFog":true,"showMaterialUpdate":false,"showSkybox":true,"showFlares":true,"showImageEffects":true,"showParticleSystems":true},"in2DMode":false,"pivot":{"x":245.1553955078125,"y":12.178937911987305,"z":435.730712890625},"rotation":{"x":-0.10486012697219849,"y":0.06915602087974549,"z":-0.007310827728360891,"w":-0.9920526146888733},"size":30.391815185546876,"orthographic":false}