{"cameraMode":{"drawMode":0,"name":"Shaded","section":"Shading Mode"},"sceneLighting":false,"audioPlay":false,"sceneViewState":{"showFog":true,"showMaterialUpdate":false,"showSkybox":true,"showFlares":true,"showImageEffects":true,"showParticleSystems":true},"in2DMode":false,"pivot":{"x":319.03460693359377,"y":4.276484489440918,"z":505.8839416503906},"rotation":{"x":-0.1309058964252472,"y":0.19115722179412843,"z":-0.025731759145855905,"w":-0.9724507331848145},"size":94.8885269165039,"orthographic":false}