{"cameraMode":{"drawMode":0,"name":"Shaded","section":"Shading Mode"},"sceneLighting":false,"audioPlay":false,"sceneViewState":{"showFog":true,"showMaterialUpdate":false,"showSkybox":true,"showFlares":true,"showImageEffects":true,"showParticleSystems":true},"in2DMode":false,"pivot":{"x":253.4667205810547,"y":4.142271995544434,"z":543.0792846679688},"rotation":{"x":-0.24378536641597749,"y":0.01803571544587612,"z":-0.00453387014567852,"w":-0.96965092420578},"size":23.579044342041017,"orthographic":false}