{"cameraMode":{"drawMode":0,"name":"Shaded","section":"Shading Mode"},"sceneLighting":false,"audioPlay":false,"sceneViewState":{"showFog":true,"showMaterialUpdate":false,"showSkybox":true,"showFlares":true,"showImageEffects":true,"showParticleSystems":true},"in2DMode":false,"pivot":{"x":255.04000854492188,"y":10.989602088928223,"z":434.20001220703127},"rotation":{"x":-0.1970055252313614,"y":-0.008238034322857857,"z":0.0016553821042180062,"w":-0.9803664088249207},"size":94.8885269165039,"orthographic":false}