{"cameraMode":{"drawMode":0,"name":"Shaded","section":"Shading Mode"},"sceneLighting":true,"audioPlay":false,"sceneViewState":{"showFog":true,"showMaterialUpdate":false,"showSkybox":true,"showFlares":true,"showImageEffects":true,"showParticleSystems":true},"in2DMode":false,"pivot":{"x":83.43875885009766,"y":177.060791015625,"z":126.55717468261719},"rotation":{"x":-0.01680145598948002,"y":0.02908898890018463,"z":-0.0004890378913842142,"w":-0.999435544013977},"size":350.0444030761719,"orthographic":false}