{"cameraMode":{"drawMode":0,"name":"Shaded","section":"Shading Mode"},"sceneLighting":true,"audioPlay":false,"sceneViewState":{"showFog":true,"showMaterialUpdate":false,"showSkybox":true,"showFlares":true,"showImageEffects":true,"showParticleSystems":true},"in2DMode":false,"pivot":{"x":191.8300323486328,"y":186.46298217773438,"z":-103.60240173339844},"rotation":{"x":-0.03779734671115875,"y":-0.012892828322947026,"z":0.0004878294712398201,"w":-0.9992021918296814},"size":158.799072265625,"orthographic":false}