{"cameraMode":{"drawMode":0,"name":"Shaded","section":"Shading Mode"},"sceneLighting":false,"audioPlay":false,"sceneViewState":{"showFog":true,"showMaterialUpdate":false,"showSkybox":true,"showFlares":true,"showImageEffects":true,"showParticleSystems":true},"in2DMode":false,"pivot":{"x":255.03997802734376,"y":4.276484489440918,"z":465.8839416503906},"rotation":{"x":-0.16829697787761689,"y":-0.0894717127084732,"z":0.015340999700129033,"w":-0.9815475344657898},"size":27.49651336669922,"orthographic":false}