{"cameraMode":{"drawMode":0,"name":"Shaded","section":"Shading Mode"},"sceneLighting":true,"audioPlay":false,"sceneViewState":{"showFog":true,"showMaterialUpdate":false,"showSkybox":true,"showFlares":true,"showImageEffects":true,"showParticleSystems":true},"in2DMode":false,"pivot":{"x":244.81631469726563,"y":9.836393356323243,"z":647.8673095703125},"rotation":{"x":0.16225741803646089,"y":-0.1532575935125351,"z":0.025519564747810365,"w":0.9744400382041931},"size":37.22380065917969,"orthographic":false}