{"cameraMode":{"drawMode":0,"name":"Shaded","section":"Shading Mode"},"sceneLighting":false,"audioPlay":false,"sceneViewState":{"showFog":true,"showMaterialUpdate":false,"showSkybox":true,"showFlares":true,"showImageEffects":true,"showParticleSystems":true},"in2DMode":false,"pivot":{"x":255.46971130371095,"y":6.197302341461182,"z":566.2673950195313},"rotation":{"x":0.12449554353952408,"y":0.6903611421585083,"z":-0.12241806834936142,"w":0.7020799517631531},"size":56.19212341308594,"orthographic":false}